region,crop,yield,sem,moist_content,harvest_index,rs_ratio,carbon_input,baseline
UPPER WEST,MAIZE,1.4279885057471264,0.040706992,0.13,0.48,0.1,0.35560114026977757,0.10142064675861501
UPPER WEST,RICE,1.4554225352112677,0.046128252,0.13,0.17,0.2,0.6074933606441397,0.19534454288016867
UPPER WEST,YAM,14.633448275862069,0.43454691226484554,0.7,0.5,1,1.1097562381548358,0.2471729803163044
UPPER WEST,SORGHUM,1.025664739884393,0.031438304716676004,0.12,0.29,0.01,0.3179134262875723,0.066330392
UPPER WEST,MILLET,0.8903468208092488,0.024098603,0.12,0.34,0.2,0.3040367112278425,0.10027434050828016
UPPER WEST,GROUNDNUT,1.3395348837209304,0.029380337459768688,0.1,0.37,0.1,0.41499490030334474,0.11413756107266282
UPPER WEST,COWPEA,0.9066666666666666,0.029904906045208623,0.1,0.23,0.1,0.3352783117972277,0.089201972
UPPER WEST,SOYABEAN,1.064695652173913,0.035948799,0.13,0.34,0.09,0.3261886632703445,0.086952554